eta,target,flank_ratio,weight,n
0.58,honeycomb_K3,nan,0.0,9
0.58,kagome_K2,nan,0.0,9
0.58,maple_leaf_K1,0.6975262952577252,0.008267195767195767,9
0.59,honeycomb_K3,nan,0.0,9
0.59,kagome_K2,nan,0.0,9
0.59,maple_leaf_K1,0.6817089127030647,0.005952380952380952,9
0.5986,honeycomb_K3,nan,0.0,9
0.5986,kagome_K2,nan,0.0,9
0.5986,maple_leaf_K1,0.6110920841570997,0.0048500881834215165,9
0.5991,honeycomb_K3,nan,0.0,9
0.5991,kagome_K2,nan,0.0,9
0.5991,maple_leaf_K1,0.8147944647944647,0.006172839506172839,9
0.5996,honeycomb_K3,nan,0.0,8
0.5996,kagome_K2,nan,0.0,8
0.5996,maple_leaf_K1,0.6788136571031307,0.005704365079365079,8
0.6,honeycomb_K3,nan,0.0,9
0.6,kagome_K2,nan,0.0,9
0.6,maple_leaf_K1,0.5701975991068287,0.005070546737213403,9
0.6001,honeycomb_K3,nan,0.0,9
0.6001,kagome_K2,nan,0.0,9
0.6001,maple_leaf_K1,0.4349235750680539,0.003527336860670194,9
0.6006,honeycomb_K3,nan,0.0,9
0.6006,kagome_K2,nan,0.0,9
0.6006,maple_leaf_K1,0.5689588275501588,0.004629629629629629,9
0.6011,honeycomb_K3,nan,0.0,9
0.6011,kagome_K2,nan,0.0,9
0.6011,maple_leaf_K1,0.4703665978175782,0.004188712522045855,9
0.6016,honeycomb_K3,nan,0.0,8
0.6016,kagome_K2,nan,0.0,8
0.6016,maple_leaf_K1,0.5708541458541458,0.00458829365079365,8
0.6021,honeycomb_K3,nan,0.0,9
0.6021,kagome_K2,nan,0.0,9
0.6021,maple_leaf_K1,0.46551692201847,0.0034171075837742503,9
0.6026,honeycomb_K3,nan,0.0,9
0.6026,kagome_K2,nan,0.0,9
0.6026,maple_leaf_K1,0.5521976131883253,0.004298941798941799,9
0.6031,honeycomb_K3,nan,0.0,9
0.6031,kagome_K2,nan,0.0,9
0.6031,maple_leaf_K1,0.7413957444917196,0.00496031746031746,9
0.6036,honeycomb_K3,nan,0.0,9
0.6036,kagome_K2,nan,0.0,9
0.6036,maple_leaf_K1,0.5357710763799515,0.004409171075837742,9
0.6041,honeycomb_K3,nan,0.0,8
0.6041,kagome_K2,nan,0.0,8
0.6041,maple_leaf_K1,0.47476664417453895,0.0035962301587301585,8
0.6046,honeycomb_K3,nan,0.0,9
0.6046,kagome_K2,nan,0.0,9
0.6046,maple_leaf_K1,0.7913835514712707,0.005952380952380951,9
0.6051,honeycomb_K3,nan,0.0,9
0.6051,kagome_K2,nan,0.0,9
0.6051,maple_leaf_K1,0.5132572981402836,0.003527336860670194,9
0.6056,honeycomb_K3,nan,0.0,9
0.6056,kagome_K2,nan,0.0,9
0.6056,maple_leaf_K1,0.5799913078550849,0.004298941798941799,9
0.6061,honeycomb_K3,nan,0.0,9
0.6061,kagome_K2,nan,0.0,9
0.6061,maple_leaf_K1,0.5265795206971677,0.004078483245149912,9
0.6066,honeycomb_K3,nan,0.0,8
0.6066,kagome_K2,nan,0.0,8
0.6066,maple_leaf_K1,0.4907544502281344,0.003968253968253968,8
0.6071,honeycomb_K3,nan,0.0,9
0.6071,kagome_K2,nan,0.0,9
0.6071,maple_leaf_K1,0.49242947069034027,0.003858024691358025,9
0.6076,honeycomb_K3,nan,0.0,9
0.6076,kagome_K2,nan,0.0,9
0.6076,maple_leaf_K1,0.7242044992044991,0.004739858906525573,9
0.6081,honeycomb_K3,nan,0.0,9
0.6081,kagome_K2,nan,0.0,9
0.6081,maple_leaf_K1,0.5288998583116231,0.003637566137566137,9
0.6086,honeycomb_K3,nan,0.0,9
0.6086,kagome_K2,nan,0.0,9
0.6086,maple_leaf_K1,0.6831933498600166,0.003747795414462081,9
0.6091,honeycomb_K3,nan,0.0,8
0.6091,kagome_K2,nan,0.0,8
0.6091,maple_leaf_K1,0.5928137128870741,0.004092261904761904,8
0.6096,honeycomb_K3,nan,0.0,9
0.6096,kagome_K2,nan,0.0,9
0.6096,maple_leaf_K1,0.5425254111371579,0.003637566137566137,9
0.61,honeycomb_K3,nan,0.0,9
0.61,kagome_K2,nan,0.0,9
0.61,maple_leaf_K1,0.483016983016983,0.002535273368606702,9
0.6101,honeycomb_K3,nan,0.0,9
0.6101,kagome_K2,nan,0.0,9
0.6101,maple_leaf_K1,0.6092580621992387,0.003747795414462081,9
0.6106,honeycomb_K3,nan,0.0,9
0.6106,kagome_K2,nan,0.0,9
0.6106,maple_leaf_K1,0.7802469135802469,0.005070546737213404,9
0.62,honeycomb_K3,nan,0.0,8
0.62,kagome_K2,nan,0.0,8
0.62,maple_leaf_K1,0.5263070263070262,0.00248015873015873,8
0.63,honeycomb_K3,nan,0.0,9
0.63,kagome_K2,nan,0.0,9
0.63,maple_leaf_K1,0.3108545775212441,0.0011022927689594356,9
0.64,honeycomb_K3,nan,0.0,9
0.64,kagome_K2,nan,0.0,9
0.64,maple_leaf_K1,0.47160493827160493,0.0008818342151675485,9
0.65,honeycomb_K3,nan,0.0,9
0.65,kagome_K2,nan,0.0,9
0.65,maple_leaf_K1,0.6875,0.0008818342151675485,9
0.66,honeycomb_K3,nan,0.0,9
0.66,kagome_K2,nan,0.0,9
0.66,maple_leaf_K1,0.44999999999999996,0.0005511463844797178,9
0.67,honeycomb_K3,nan,0.0,8
0.67,kagome_K2,nan,0.0,8
0.67,maple_leaf_K1,1.0476190476190477,0.0006200396825396825,8
0.674175,honeycomb_K3,nan,0.0,9
0.674175,kagome_K2,nan,0.0,9
0.674175,maple_leaf_K1,0.16666666666666666,0.0002204585537918871,9
0.674675,honeycomb_K3,nan,0.0,9
0.674675,kagome_K2,nan,0.0,9
0.674675,maple_leaf_K1,0.5714285714285714,0.0002204585537918871,9
0.675175,honeycomb_K3,nan,0.0,9
0.675175,kagome_K2,nan,0.0,9
0.675175,maple_leaf_K1,0.8,0.00033068783068783067,9
0.675675,honeycomb_K3,nan,0.0,9
0.675675,kagome_K2,nan,0.0,9
0.675675,maple_leaf_K1,0.26666666666666666,0.00033068783068783067,9
0.676175,honeycomb_K3,nan,0.0,8
0.676175,kagome_K2,nan,0.0,8
0.676175,maple_leaf_K1,0.5333333333333333,0.000248015873015873,8
0.676675,honeycomb_K3,nan,0.0,9
0.676675,kagome_K2,nan,0.0,9
0.676675,maple_leaf_K1,0.5,0.0002204585537918871,9
0.677175,honeycomb_K3,nan,0.0,9
0.677175,kagome_K2,nan,0.0,9
0.677175,maple_leaf_K1,0.0,0.0,9
0.677675,honeycomb_K3,nan,0.0,9
0.677675,kagome_K2,nan,0.0,9
0.677675,maple_leaf_K1,0.0,0.0,9
0.678175,honeycomb_K3,nan,0.0,9
0.678175,kagome_K2,nan,0.0,9
0.678175,maple_leaf_K1,0.0,0.0,9
0.678675,honeycomb_K3,nan,0.0,8
0.678675,kagome_K2,nan,0.0,8
0.678675,maple_leaf_K1,0.2857142857142857,0.0001240079365079365,8
0.679175,honeycomb_K3,nan,0.0,9
0.679175,kagome_K2,nan,0.0,9
0.679175,maple_leaf_K1,0.3333333333333333,0.0002204585537918871,9
0.679675,honeycomb_K3,nan,0.0,9
0.679675,kagome_K2,nan,0.0,9
0.679675,maple_leaf_K1,0.6666666666666666,0.0002204585537918871,9
0.68,honeycomb_K3,nan,0.0,9
0.68,kagome_K2,nan,0.0,9
0.68,maple_leaf_K1,0.38095238095238093,0.00033068783068783067,9
0.680175,honeycomb_K3,nan,0.0,9
0.680175,kagome_K2,nan,0.0,9
0.680175,maple_leaf_K1,0.5,0.0004409171075837742,9
0.680675,honeycomb_K3,nan,0.0,8
0.680675,kagome_K2,nan,0.0,8
0.680675,maple_leaf_K1,0.0,0.0001240079365079365,8
0.681175,honeycomb_K3,nan,0.0,9
0.681175,kagome_K2,nan,0.0,9
0.681175,maple_leaf_K1,0.2222222222222222,0.0002204585537918871,9
0.681675,honeycomb_K3,nan,0.0,9
0.681675,kagome_K2,nan,0.0,9
0.681675,maple_leaf_K1,0.0,0.0,9
0.682175,honeycomb_K3,nan,0.0,9
0.682175,kagome_K2,nan,0.0,9
0.682175,maple_leaf_K1,0.26666666666666666,0.00033068783068783067,9
0.682675,honeycomb_K3,nan,0.0,9
0.682675,kagome_K2,nan,0.0,9
0.682675,maple_leaf_K1,0.0625,0.00011022927689594356,9
0.683175,honeycomb_K3,nan,0.0,8
0.683175,kagome_K2,nan,0.0,8
0.683175,maple_leaf_K1,0.0,0.0001240079365079365,8
0.683675,honeycomb_K3,nan,0.0,9
0.683675,kagome_K2,nan,0.0,9
0.683675,maple_leaf_K1,0.42857142857142855,0.00033068783068783067,9
0.684175,honeycomb_K3,nan,0.0,9
0.684175,kagome_K2,nan,0.0,9
0.684175,maple_leaf_K1,0.0,0.0002204585537918871,9
0.684675,honeycomb_K3,nan,0.0,9
0.684675,kagome_K2,nan,0.0,9
0.684675,maple_leaf_K1,0.0,0.0,9
0.685175,honeycomb_K3,nan,0.0,9
0.685175,kagome_K2,nan,0.0,9
0.685175,maple_leaf_K1,0.0,0.0,9
0.685675,honeycomb_K3,nan,0.0,8
0.685675,kagome_K2,nan,0.0,8
0.685675,maple_leaf_K1,0.0,0.0,8
0.686175,honeycomb_K3,nan,0.0,9
0.686175,kagome_K2,nan,0.0,9
0.686175,maple_leaf_K1,0.1,0.0002204585537918871,9
0.69,honeycomb_K3,nan,0.0,9
0.69,kagome_K2,nan,0.0,9
0.69,maple_leaf_K1,0.75,0.00033068783068783067,9
0.7,honeycomb_K3,nan,0.0,9
0.7,kagome_K2,nan,0.0,9
0.7,maple_leaf_K1,0.0,0.0,9
0.71,honeycomb_K3,nan,0.0,9
0.71,kagome_K2,nan,0.0,9
0.71,maple_leaf_K1,0.0,0.00011022927689594356,9
0.72,honeycomb_K3,nan,0.0,8
0.72,kagome_K2,nan,0.0,8
0.72,maple_leaf_K1,0.0,0.0,8
0.73,honeycomb_K3,nan,0.0,9
0.73,kagome_K2,nan,0.0,9
0.73,maple_leaf_K1,0.0,0.0,9
0.74,honeycomb_K3,nan,0.0,9
0.74,kagome_K2,nan,0.0,9
0.74,maple_leaf_K1,0.0,0.0,9
0.75,honeycomb_K3,nan,0.0,9
0.75,kagome_K2,nan,0.0,9
0.75,maple_leaf_K1,nan,0.0,9
0.76,honeycomb_K3,nan,0.0,9
0.76,kagome_K2,nan,0.0,9
0.76,maple_leaf_K1,nan,0.0,9
0.77,honeycomb_K3,nan,0.0,8
0.77,kagome_K2,nan,0.0,8
0.77,maple_leaf_K1,nan,0.0,8
0.771343,honeycomb_K3,nan,0.0,9
0.771343,kagome_K2,nan,0.0,9
0.771343,maple_leaf_K1,nan,0.0,9
0.771843,honeycomb_K3,nan,0.0,9
0.771843,kagome_K2,nan,0.0,9
0.771843,maple_leaf_K1,nan,0.0,9
0.772343,honeycomb_K3,nan,0.0,9
0.772343,kagome_K2,nan,0.0,9
0.772343,maple_leaf_K1,nan,0.0,9
0.772843,honeycomb_K3,nan,0.0,9
0.772843,kagome_K2,nan,0.0,9
0.772843,maple_leaf_K1,nan,0.0,9
0.773343,honeycomb_K3,nan,0.0,8
0.773343,kagome_K2,nan,0.0,8
0.773343,maple_leaf_K1,nan,0.0,8
0.773843,honeycomb_K3,nan,0.0,9
0.773843,kagome_K2,nan,0.0,9
0.773843,maple_leaf_K1,nan,0.0,9
0.774343,honeycomb_K3,nan,0.0,9
0.774343,kagome_K2,nan,0.0,9
0.774343,maple_leaf_K1,nan,0.0,9
0.774843,honeycomb_K3,nan,0.0,9
0.774843,kagome_K2,nan,0.0,9
0.774843,maple_leaf_K1,nan,0.0,9
0.775343,honeycomb_K3,nan,0.0,9
0.775343,kagome_K2,nan,0.0,9
0.775343,maple_leaf_K1,nan,0.0,9
0.775843,honeycomb_K3,nan,0.0,8
0.775843,kagome_K2,nan,0.0,8
0.775843,maple_leaf_K1,nan,0.0,8
0.776343,honeycomb_K3,nan,0.0,9
0.776343,kagome_K2,nan,0.0,9
0.776343,maple_leaf_K1,nan,0.0,9
0.776843,honeycomb_K3,nan,0.0,9
0.776843,kagome_K2,nan,0.0,9
0.776843,maple_leaf_K1,nan,0.0,9
0.777343,honeycomb_K3,nan,0.0,9
0.777343,kagome_K2,nan,0.0,9
0.777343,maple_leaf_K1,nan,0.0,9
0.777843,honeycomb_K3,nan,0.0,9
0.777843,kagome_K2,nan,0.0,9
0.777843,maple_leaf_K1,nan,0.0,9
0.778343,honeycomb_K3,nan,0.0,8
0.778343,kagome_K2,nan,0.0,8
0.778343,maple_leaf_K1,nan,0.0,8
0.778843,honeycomb_K3,nan,0.0,9
0.778843,kagome_K2,nan,0.0,9
0.778843,maple_leaf_K1,nan,0.0,9
0.779343,honeycomb_K3,nan,0.0,9
0.779343,kagome_K2,nan,0.0,9
0.779343,maple_leaf_K1,nan,0.0,9
0.779843,honeycomb_K3,nan,0.0,9
0.779843,kagome_K2,nan,0.0,9
0.779843,maple_leaf_K1,nan,0.0,9
0.78,honeycomb_K3,nan,0.0,9
0.78,kagome_K2,nan,0.0,9
0.78,maple_leaf_K1,nan,0.0,9
0.780343,honeycomb_K3,nan,0.0,8
0.780343,kagome_K2,nan,0.0,8
0.780343,maple_leaf_K1,nan,0.0,8
0.780843,honeycomb_K3,nan,0.0,9
0.780843,kagome_K2,nan,0.0,9
0.780843,maple_leaf_K1,nan,0.0,9
0.781343,honeycomb_K3,nan,0.0,9
0.781343,kagome_K2,nan,0.0,9
0.781343,maple_leaf_K1,nan,0.0,9
0.781843,honeycomb_K3,nan,0.0,9
0.781843,kagome_K2,nan,0.0,9
0.781843,maple_leaf_K1,nan,0.0,9
0.782343,honeycomb_K3,nan,0.0,9
0.782343,kagome_K2,nan,0.0,9
0.782343,maple_leaf_K1,nan,0.0,9
0.782843,honeycomb_K3,nan,0.0,8
0.782843,kagome_K2,nan,0.0,8
0.782843,maple_leaf_K1,nan,0.0,8
0.783343,honeycomb_K3,nan,0.0,9
0.783343,kagome_K2,nan,0.0,9
0.783343,maple_leaf_K1,nan,0.0,9
0.79,honeycomb_K3,nan,0.0,9
0.79,kagome_K2,nan,0.0,9
0.79,maple_leaf_K1,nan,0.0,9
0.8,honeycomb_K3,nan,0.0,9
0.8,kagome_K2,nan,0.0,9
0.8,maple_leaf_K1,nan,0.0,9
0.81,honeycomb_K3,nan,0.0,9
0.81,kagome_K2,nan,0.0,9
0.81,maple_leaf_K1,nan,0.0,9
0.82,honeycomb_K3,nan,0.0,8
0.82,kagome_K2,nan,0.0,8
0.82,maple_leaf_K1,nan,0.0,8
